id,Prevention,Treatment,Diagnosis,Mechanism,Case Report,Transmission,Forecasting,General
1050178982211662,1,0,0,0,0,0,0,0
690076785692580,0,1,0,0,0,0,0,0
505788964184373,1,0,0,0,0,1,0,0
221304263539937,0,1,1,0,0,0,0,1
1060249461407224,0,0,1,0,0,0,0,1
744307923626593,0,1,0,0,0,0,0,0
943313059720563,1,1,0,0,0,0,0,0
708876836727415,0,1,0,0,0,0,0,1
288548706642647,0,0,0,0,0,0,0,1
1203024383863367,0,0,0,0,0,0,0,1
1454114251650908,0,0,0,0,0,0,0,1
432345755340220,1,0,0,0,0,0,0,0
504862497599249,0,0,0,0,0,1,0,0
934961130728332,0,0,0,0,0,0,0,1
1370426036720984,0,0,0,0,0,0,0,1
353568272901298,0,0,0,0,0,1,0,0
709859190004224,0,0,0,0,0,0,0,1
610056316716964,0,0,0,0,0,0,0,1
1099366444133566,0,0,0,0,0,0,0,1
465205334957582,0,0,0,0,0,0,0,1
673044287210754,1,0,0,0,0,0,0,0
631046274774603,0,0,0,0,1,0,0,0
1085492455366388,0,0,0,0,1,0,0,0
312444304148902,0,0,0,0,0,0,0,1
2710765109059978,0,1,0,0,0,0,0,0
210081467920680,0,0,0,0,0,0,0,1
225884666400027,0,0,0,0,1,0,0,1
596650688087630,0,0,0,0,0,0,0,1
736117724027500,0,0,0,0,0,0,0,1
959166808358778,0,0,0,0,0,0,0,1
466037478231880,0,1,0,0,0,0,0,1
224202273252153,0,1,0,0,0,0,0,0
1221951368287554,0,1,0,0,0,0,0,0
327030019150057,0,0,0,0,0,0,0,1
2056881931139752,0,0,0,0,0,0,0,1
991516645051446,0,1,0,0,0,0,0,1
1393967077785345,0,0,0,0,0,0,0,1
267523278668664,0,0,0,0,0,0,0,1
465529535026121,1,1,0,0,0,0,0,1
247216190776181,0,0,0,0,0,0,0,1
315831796842878,1,1,0,0,0,0,0,0
3058276047780914,0,0,0,0,0,0,0,1
523320208936739,0,0,1,0,0,0,0,1
938250760202142,1,0,0,0,0,0,0,0
940497213277006,0,0,1,0,0,0,0,0
358594756097407,1,0,0,0,1,1,0,0
461396278921445,0,1,0,0,0,0,0,0
648701406476030,0,0,1,0,0,0,0,0
1136808993747181,0,0,1,0,0,0,0,1
857073321635393,0,0,0,0,0,0,0,1
217673983908772,0,0,0,0,0,0,0,1
620706629154503,0,1,0,0,0,0,0,0
735453764098043,0,0,1,0,0,0,0,1
401149318475139,1,0,0,0,0,0,0,0
631723691381065,1,0,0,0,0,0,0,1
428908965627267,1,1,0,0,0,0,0,0
453406046477911,0,0,0,0,0,0,0,1
301405485273074,0,1,0,0,0,0,0,0
501968531255009,0,0,0,0,0,0,0,1
1496916184014512,0,0,0,0,0,0,0,1
666868057649919,0,0,0,0,0,0,0,1
721969412050679,0,0,0,0,0,0,0,1
282837493787545,0,0,1,0,0,0,0,1
458432692577673,0,1,0,0,0,0,0,0
1327185564379893,0,1,0,0,0,0,0,0
5028435070541303,0,1,0,0,0,0,0,0
429417401956461,0,0,0,0,0,0,0,1
2764551390512634,1,0,0,0,0,0,0,0
303120448408025,1,1,0,0,0,0,0,1
336492084535298,0,0,0,0,0,0,0,1
628379558375120,0,0,0,0,0,0,0,1
471534171026013,1,1,0,0,0,0,0,1
1.07982E+15,1,0,0,0,0,0,0,0
223093956698311,0,0,0,0,0,0,0,1
1274613376349947,0,0,1,0,0,0,0,0
237929401828274,1,0,0,0,0,0,0,0
321595933210024,0,0,0,0,0,0,0,1
422774346237466,0,0,0,0,0,0,1,0
1511272305924602,0,0,0,0,0,0,0,1
5090420107634898,0,0,0,0,0,0,0,1
1568250960240312,0,0,0,0,0,0,0,1
635931654223374,0,0,0,0,0,0,0,1
1340701446359865,0,0,0,0,0,0,0,1
513424860030123,0,1,0,0,0,0,0,0
1847029525500587,0,1,0,0,0,0,1,0
650578042745587,1,0,0,0,0,0,0,0
602604297629466,0,1,0,0,0,0,0,0
1109399853140138,1,0,0,0,0,0,0,0
721772428802085,1,0,0,0,0,0,0,1
681150402879610,0,0,0,0,0,0,0,1
1257370538096196,1,1,0,0,0,0,0,1
2077136142434074,0,0,0,0,0,0,0,1
417447433418779,0,0,0,0,0,0,0,1
956132055019466,0,0,0,0,0,0,0,1
1813322802187614,1,1,0,0,0,0,0,0
1307637233076489,0,0,0,0,0,0,0,1
1293659627764529,0,1,0,0,0,0,0,1
684452829388362,0,0,0,0,0,1,0,1
309668741032196,0,0,0,0,0,0,0,1
520362039212588,0,0,0,0,0,0,0,1
346523173749161,0,0,0,0,0,0,0,1
481521863288069,1,0,0,0,0,0,0,1
3086549111611523,0,0,0,0,0,0,0,1
1143384136194207,0,0,0,0,1,0,0,0
231387832504602,0,0,1,0,0,0,0,0
470824597780855,0,1,0,0,0,0,0,0
654155735775482,1,1,0,0,0,0,0,0
1290496974796141,0,0,0,0,0,0,0,1
285369006915456,0,0,0,0,0,0,0,1
414130230495974,0,0,0,0,0,0,0,1
872658910087927,1,1,0,0,0,0,0,0
2034686853365407,0,0,0,0,0,0,0,1
955133721808442,0,0,0,0,0,0,0,1
249399787338360,0,0,0,0,0,0,0,1
797320784998239,0,0,0,0,1,0,0,1
323319689673188,1,1,0,0,0,0,0,0
531349905080882,0,0,0,0,0,0,0,1
449410626834595,0,0,0,0,0,0,0,1
299283732243114,1,0,0,0,0,0,0,0
4924725634258657,1,0,0,0,0,0,0,0
285482236886639,1,0,0,0,0,0,0,1
511264090164568,1,0,0,0,0,0,0,0
1611359965923315,0,0,0,0,0,0,0,1
994635157806203,0,0,0,0,0,0,0,1
637924020683925,1,0,0,0,0,0,0,0
289827046413268,0,0,0,0,0,0,0,1
615711552810063,0,0,0,0,0,0,0,1
579543793278141,0,1,0,0,0,0,0,0
1128505467892069,0,0,0,0,0,0,0,1
454578733043872,1,1,0,0,0,0,0,0
336575377893160,0,0,1,1,0,0,0,0
231843702473917,0,0,0,0,0,0,0,1
666774551175533,0,0,0,0,0,0,0,1
517189112956043,0,0,0,0,0,0,0,1
433162404963508,0,0,0,0,0,0,0,1
297659175583372,0,0,0,0,0,0,0,1
1098439870911569,0,0,0,0,0,0,0,1
288786083266971,0,0,0,0,0,0,0,1
4347299148711855,0,0,0,0,0,0,0,1
1587670088260336,0,0,0,0,0,1,0,0
940691409900384,0,0,1,0,0,0,0,0
1307563916414118,0,0,0,0,0,0,0,1
658151585311046,0,1,0,0,0,0,0,0
230115875805697,0,0,0,0,0,0,0,1
269362098568259,0,0,0,0,0,0,0,1
222420229909230,0,0,0,0,0,0,0,1
218864633711494,0,0,0,0,0,0,0,1
355925019699241,0,1,0,0,0,0,0,1
4880817132002648,0,0,0,0,0,0,0,1
3183697198574675,0,0,0,0,0,0,0,1
509989590398368,0,1,0,0,0,0,0,0
466573071682543,0,1,0,1,0,0,0,0
243608174568027,0,0,0,0,0,0,0,1
2016835501808119,1,0,0,0,0,0,0,0
578114513487250,0,0,0,0,0,0,0,1
1047347515846872,0,1,0,0,0,0,0,0
415861890260709,0,1,0,0,0,0,0,0
455981662847995,0,1,0,0,0,0,0,0
461170358859015,0,0,0,0,0,0,0,1
351578509774869,0,0,0,0,0,0,0,1
326695202676799,0,0,1,0,0,0,0,1
1548743432153429,0,0,0,0,0,0,0,1
3475173369274052,0,0,0,0,1,0,0,1
387312153152877,0,0,0,0,0,0,0,1
931920090776412,0,1,0,0,0,0,0,0
1.27709E+15,0,0,0,0,0,0,0,1
742617757131777,0,0,0,0,1,0,0,0
4802813076472809,0,0,0,0,0,0,0,1
1053372935229002,0,1,0,0,0,0,0,0
438559121340836,0,0,1,0,0,0,0,1
259038886371784,0,0,0,0,0,0,0,1
467891171612058,0,0,0,0,0,0,0,1
474544670633062,0,0,0,0,0,0,0,1
628350111699928,0,1,0,0,0,0,0,0
654987572596731,0,0,0,0,0,0,0,1
1259147821235376,0,1,0,0,0,0,0,0
266148545589423,0,0,0,0,0,0,0,1
2780301585600343,0,0,1,0,0,0,0,0
267061245497603,0,0,0,0,0,0,0,1
726465978738772,0,0,0,0,0,0,0,1
1.43975E+15,0,1,0,0,0,0,0,1
413710657200989,0,0,0,0,0,0,0,1
1103109957160439,0,0,0,0,0,0,0,1
248659337417498,0,0,0,0,0,0,0,1
656198408900979,0,0,1,0,0,0,0,0
188566480153481,0,0,0,0,0,0,0,1
446216473803446,0,0,0,1,0,0,0,1
639221260547623,1,0,0,0,0,0,0,1
896088357735245,0,0,0,0,0,0,0,1
3082658125327176,0,0,0,0,0,0,0,1
896680971040386,0,1,0,0,0,0,0,0
351193919828428,1,0,0,0,0,0,0,0
1652033845172507,1,0,0,0,0,0,0,0
620504319252211,0,0,0,0,0,0,0,1
1581914505493996,1,1,0,0,0,0,0,0
647577846387119,0,1,0,0,0,0,0,0
308272451242409,0,0,0,0,0,0,0,1
2477411969056909,0,0,0,0,0,0,0,1
1057906401778348,0,1,0,0,0,0,0,0
3029728733931744,0,0,0,0,0,0,0,1
512557689738201,0,0,0,0,0,0,0,1
231883739070198,0,0,0,0,0,0,0,1
2028126444023501,0,0,1,0,0,0,0,0
1103570113778099,0,0,0,0,0,0,0,1
303829228324264,0,0,0,0,0,0,1,0
441697060966300,0,0,0,0,0,0,0,1
3190128071235121,0,0,1,0,0,0,0,0
458088705901356,0,0,0,0,0,0,0,1
964214401179498,0,1,0,0,0,0,0,0
920596501988358,1,0,0,0,0,0,0,0
982941025763589,0,0,0,0,0,0,0,1
511177203648723,0,1,0,0,0,0,0,1
307793584623465,0,1,0,0,0,0,0,0
463279688836178,0,1,0,0,0,0,0,0
179422574400843,0,1,0,0,0,0,0,0
501065261253594,0,0,0,0,0,0,0,1
631219271459280,1,0,0,0,0,0,0,1
637071490966776,0,1,0,0,0,0,0,1
268085642055201,0,0,0,0,0,0,0,1
331035062354841,0,0,0,0,0,0,0,1
655368569115319,0,0,1,0,0,0,0,0
912314583011243,0,0,0,0,0,0,1,1
1620457144963269,0,0,0,0,0,0,0,1
416320403615620,0,0,1,0,0,0,0,0
595785618162799,0,1,0,0,0,0,0,0
447039626949815,1,0,0,0,0,0,0,0
2.77719E+15,0,1,0,0,0,0,0,0
3309826725928593,0,0,0,0,0,1,0,0
714091236637627,0,0,0,0,0,0,0,1
442218377445807,0,0,0,0,0,0,0,1
639756253894240,0,0,0,0,0,0,0,1
1225943751224582,0,0,0,0,0,0,0,1
612527566520498,0,0,0,0,0,0,0,1
387942909801376,0,0,0,0,0,0,0,1
699154768198757,0,1,0,0,0,0,0,0
329898822196895,0,0,0,0,0,0,0,1
1420511865055809,0,1,0,0,0,0,0,0
301232712043494,0,0,0,0,0,0,0,1
292384105995939,0,0,0,0,0,0,0,1
315857476970852,0,0,0,0,1,0,0,0
466932281680473,0,0,1,0,0,0,0,0
926504798229782,1,0,0,0,0,0,0,1
966378620667064,0,0,0,0,0,0,0,1
263747802473728,0,0,0,0,0,0,0,1
599404764694073,0,0,1,0,0,0,0,0
640605973753001,0,1,0,0,0,0,0,0
2134307200050265,0,0,0,0,0,0,0,1
339144630965414,0,1,0,0,0,0,0,0
412220273934728,0,1,0,0,0,0,0,0
452870966379624,1,0,0,0,1,0,0,1
1630712437269391,0,0,0,0,0,0,0,1
290892512911692,0,1,0,0,0,0,0,0
438261064657344,1,0,0,0,0,1,0,0
215936704087198,0,0,0,0,1,0,0,0
926810951266103,0,1,0,0,0,0,0,0
1.49519E+15,0,0,0,0,0,0,0,1
971453546814060,0,0,0,0,0,0,0,1
1072318006851071,0,0,0,0,1,0,0,0
754354415954298,0,0,0,0,0,0,0,1
2.48116E+15,0,0,0,0,0,0,0,1
473558257666509,1,0,0,0,0,0,0,0
1069369296965566,0,0,1,0,0,0,0,0
515163989801013,1,0,0,0,0,0,0,0
1.15643E+15,0,1,0,0,0,0,0,0
504496891004756,1,0,1,0,0,0,0,0
887092611986209,1,0,0,0,0,0,0,1
712767233033008,1,1,0,0,0,0,0,1
735746814480066,0,0,0,0,0,0,0,1
1132835227469199,0,0,1,0,0,0,0,0
5565369960156647,0,0,1,0,0,0,0,0
629884524735555,0,0,1,0,0,0,0,0
1147111449447623,0,0,0,0,0,0,0,1
488387116254411,0,0,0,0,0,0,0,1
664062594615446,0,0,0,0,0,0,0,1
236785925191797,0,1,0,0,0,0,0,0
486852366114407,0,0,0,1,0,0,0,1
511787210181922,1,0,0,0,0,0,0,0
883299415675355,0,0,0,0,0,0,0,1
766377930987199,0,0,0,0,0,0,0,1
4934571059897936,0,0,0,0,0,0,0,1
467168001602343,0,0,0,0,0,0,0,1
469799084548559,0,0,0,0,0,0,0,1
1056870531826602,0,1,0,0,0,0,0,0
3.37712E+15,1,0,0,0,0,0,0,1
196540075979651,1,0,0,0,0,0,0,1
1326027181196038,0,1,0,0,0,0,0,0
461381392213582,0,0,0,0,0,0,0,1
335176631798388,1,0,0,0,0,0,0,0
645620240115952,0,0,1,0,0,0,0,0
783940159720657,0,0,0,0,0,0,0,1
505623440892965,1,1,0,0,0,0,0,0
957885541518389,0,0,1,0,0,0,0,1
291285453023719,0,0,0,0,0,0,0,1
421593959711268,0,1,0,0,0,0,0,0
634873571142961,1,1,0,0,0,0,0,0
2409928482473698,0,0,0,0,0,0,0,1
3091886471034459,0,0,0,0,0,0,0,1
616081399505185,1,0,0,0,0,0,0,0
602408370866221,0,1,0,0,0,0,0,0
270238115066698,0,0,0,0,0,0,0,1
459812572308879,0,1,0,0,0,0,0,1
222903960013950,0,1,0,0,0,0,0,0
1325668111187747,0,0,0,0,0,0,0,1
3152284075005682,1,0,0,0,0,0,0,0
528767501497039,1,0,0,0,0,0,0,0
1071390286982441,0,0,0,0,0,0,0,1
1110260119725097,0,0,0,0,0,0,0,1
256031176662913,0,0,0,0,0,0,0,1
632680681212829,0,0,0,0,0,0,0,1
225593046312220,0,0,0,0,0,0,0,1
640070074019501,0,0,0,0,0,0,0,1
474442680865764,0,0,0,1,0,0,0,0
403370041534702,0,0,0,0,0,0,0,1
3116520231928134,0,0,0,0,0,0,0,1
351556776782920,0,0,0,0,0,0,0,1
691420348691443,0,1,1,0,0,0,0,1
2832438513714548,0,1,0,0,0,0,0,0
796649081103678,0,1,0,0,0,0,0,0
1285342695300527,0,0,1,0,0,0,0,0
490125425804532,0,1,0,0,0,0,0,0
634811187761851,0,0,0,0,0,0,0,1
963514207581982,1,0,0,0,0,0,0,1
877434069591521,0,1,0,0,1,0,0,1
3104077126534597,0,0,0,0,0,0,0,1
448863253388990,0,0,0,0,0,0,0,1
490865702546582,0,0,0,0,0,0,0,1
263492699218530,0,1,0,0,0,0,0,0
451487313307979,1,0,1,0,0,0,0,1
359535975546777,1,1,0,0,0,0,0,0
701942954106430,0,0,0,0,0,0,0,1
454587409712786,0,1,0,0,0,0,0,1
329884478568234,0,1,0,0,0,0,0,0
293608449413434,0,1,1,0,0,0,0,1
629573884964582,0,0,0,0,0,0,0,1
398696248689602,0,0,1,0,0,0,0,0
2801157410181296,1,0,0,0,0,0,0,0
335446174878919,0,0,0,0,0,0,0,1
663598674777027,0,0,0,0,0,0,0,1
1147167312689767,0,1,0,0,0,0,0,1
923166985004998,0,0,0,0,0,0,0,1
520905189248457,1,0,1,0,0,0,0,0
1.34717E+15,0,0,0,0,0,0,0,1
498277078339954,0,0,0,0,0,0,0,1
257103996450799,0,1,0,0,0,0,0,0
350748406588494,0,0,0,0,0,0,0,1
1905111069694643,1,0,1,0,1,0,0,0
2748684232107817,1,1,0,0,0,0,0,0
419812396594183,0,0,1,0,0,0,0,0
326200592706605,0,0,0,0,0,0,0,1
489468222734968,0,1,0,0,0,0,0,0
446788247189709,0,0,0,0,0,0,0,1
607896990436693,0,1,0,0,0,0,0,0
1102719810505076,0,0,0,0,0,0,0,1
611034620240714,0,0,0,0,0,0,0,1
668669081113460,0,1,0,0,0,0,0,0
225589793109652,0,0,1,0,0,0,0,0
1994451527388931,1,1,1,0,0,0,0,1
644772913386969,0,1,1,0,0,0,0,0
712906949676202,0,0,0,0,0,0,1,1
902904350592814,0,0,0,0,0,0,0,1
448771656927854,0,0,0,0,0,0,0,1
425028219366673,0,0,0,0,0,0,0,1
1011828246088624,1,0,0,0,0,0,0,1
1562714857424737,0,0,0,0,0,0,0,1
1103087907193414,0,0,0,0,0,0,0,1
474018817401805,1,0,0,0,0,0,0,1
1393112961108608,1,0,0,0,0,0,0,0
626059458733284,0,0,0,0,0,0,0,1
1038261606969053,0,0,0,0,0,0,0,1
330181945594483,0,0,0,0,0,0,0,1
1048546259178703,0,0,0,0,0,0,0,1
624475042076656,0,0,0,0,0,0,0,1
642785077132871,0,0,0,0,0,0,0,1
672497013923259,0,0,0,0,0,0,0,1
478704547159251,0,0,0,0,0,0,0,1
449616316811252,0,0,0,0,0,0,0,1
449213776718426,0,0,0,0,1,0,0,0
1082827772466342,0,1,0,0,0,0,0,0
645759676870214,0,1,0,0,0,0,0,0
937418923853368,1,1,0,0,0,0,0,1
452964219821059,0,0,1,0,0,0,0,0
418559226562090,0,1,0,0,0,0,0,0
4716533338465697,1,1,0,0,1,0,0,0
473957044072040,0,0,1,0,0,0,0,1
618773622758219,0,1,0,0,0,0,0,0
215186160659839,0,0,0,0,0,0,0,1
1358594624595086,0,1,0,0,0,0,0,0
480865920165734,0,0,0,0,0,0,0,1
452165116498929,0,0,0,0,0,0,0,1
724373561813267,0,1,1,0,0,0,0,0
635629911082717,0,0,1,0,0,0,0,0
3072528069678339,1,1,0,0,1,0,0,0
301747695161684,1,1,0,0,1,0,0,0
251058927106044,0,0,0,0,0,0,0,1
2990428017878016,0,0,0,0,0,0,0,1
266267055603398,0,0,0,0,0,0,0,1
2058407974309281,0,0,0,0,0,0,0,1
3206227066290175,0,1,0,0,0,0,0,1
473651944372325,0,0,0,0,0,0,0,1
636696530815916,0,0,0,0,0,0,0,1
663258928194412,0,0,1,0,0,0,0,1
626191418690247,0,0,0,0,0,0,0,1
3101864630035182,0,0,0,0,0,0,0,1
1.24668E+15,0,0,0,0,0,0,0,1
617185279398783,0,1,1,0,0,0,0,1
518091099159291,0,0,0,0,1,0,0,1
643132510441573,0,1,0,0,0,0,0,0
494655988658101,0,0,1,0,0,0,0,0
449564900056094,1,0,0,0,0,0,0,0
1248016079040132,0,0,0,0,0,0,0,1
425219585978602,1,0,0,0,0,0,0,0
653673722539913,0,1,0,0,0,0,0,0
5037264952974419,0,1,0,0,0,0,0,0
1260168287817856,1,1,0,0,0,1,0,0
652232655770433,0,0,0,0,1,0,0,1
1341602079637005,1,1,0,0,0,0,0,0
3146081052337184,1,0,0,0,0,0,0,0
996484541285254,0,1,0,0,0,0,0,0
446752607068440,0,0,0,0,0,0,0,1
927473211467076,0,0,0,0,0,0,0,1
450661786546516,0,0,0,0,0,0,0,1
436424588163816,0,1,0,0,0,0,0,0
479776660251225,1,0,0,0,0,0,0,1
632465334466566,0,1,0,0,0,0,0,1
1019695438581381,1,1,0,0,0,0,0,0
707761863996576,0,0,0,0,0,0,0,1
214623414202024,0,0,0,0,0,0,0,1
360535922078984,0,1,0,0,0,0,0,0
1287503961726012,0,1,0,0,0,0,0,0
320154326542418,0,1,0,0,0,0,0,0
304483331648103,1,0,0,0,0,0,0,1
448587686665724,0,0,0,0,0,0,0,1
647456773237578,0,0,0,0,0,0,0,1
2.83423E+15,0,0,0,0,0,0,0,1
337285754772651,0,1,0,0,0,0,0,0
669650744050109,1,0,0,0,0,1,0,0
1.53612E+15,1,0,0,0,1,0,0,0
293672646079887,0,0,0,0,0,0,0,1
654800679001373,0,1,0,0,0,0,0,0
711695429874065,0,0,1,0,0,0,0,1
236521828647708,0,0,0,0,0,0,0,1
261146189383501,0,0,0,0,0,0,0,1
599721994619694,0,1,0,0,0,0,0,0
260142159440824,0,0,0,0,0,0,0,1
3140342779584407,0,1,0,0,0,0,0,0
940499596838502,1,0,0,0,0,1,0,1
618806336060142,0,0,0,0,0,0,0,1
328094655887556,1,0,0,0,0,0,0,1
918073692218502,0,0,0,0,0,0,0,1
441134397683140,0,0,1,0,0,0,0,1
1221667125021033,0,0,0,0,0,0,0,1
456071289426050,0,0,1,0,0,0,0,0
479263663593842,0,0,0,0,0,0,0,1
1065496317629516,0,0,0,0,0,1,0,1
635407047580265,1,0,0,0,0,0,0,0
1123523865124849,0,0,0,0,1,0,0,0
961354764800183,0,0,0,0,0,0,0,1
663336234870529,0,0,0,0,0,0,0,1
1299591660561092,0,0,0,0,0,0,0,1
4.86328E+15,0,0,0,0,0,0,0,1
226069333075907,0,1,0,0,0,0,0,0
624418795281316,1,0,0,0,0,0,0,1
5130932323602576,0,0,0,0,0,0,0,1
346691217229438,1,1,0,0,0,0,0,1
462256995529169,0,0,0,0,0,0,0,1
911253469573725,0,0,0,0,0,0,0,1
959103428043379,1,1,0,0,0,0,0,0
616420012839259,0,0,0,0,0,0,0,1
5092057407523517,0,0,0,0,0,0,0,1
210299084510534,0,0,0,0,1,0,0,1
370552594878818,0,0,0,0,0,0,0,1
2199478633536086,0,0,0,0,0,0,0,1
330846955583664,0,1,0,0,0,0,0,0
942995353306382,0,1,0,0,0,0,0,0
296707102500270,0,1,0,0,0,0,0,0
811745143555892,1,0,0,0,0,0,0,1
1087329071809033,1,0,0,0,0,0,0,1
2953898451515933,1,1,1,0,0,0,0,1
1586986804976581,0,0,0,0,0,0,0,1
256042563325372,0,0,0,0,0,0,0,1
510093387113722,0,1,0,0,0,0,0,0
4028255150611348,0,1,0,0,0,0,0,0
367334985061947,0,0,1,0,0,0,0,0
522685238973620,0,0,0,0,0,0,0,1
313953114003586,0,0,0,0,0,0,0,1
615074429786222,0,0,0,0,0,0,0,1
433591858173316,0,0,0,0,0,0,0,1
3235653186712268,0,0,0,0,0,0,0,1
985086315750015,0,0,0,0,0,0,0,1
365583545329312,0,0,0,0,0,0,0,1
329676445703658,0,1,0,0,0,0,0,1
253420983553754,0,0,0,0,0,0,0,1
357641942367081,1,0,0,0,0,0,0,0
325377618974541,0,0,0,0,0,0,1,0
893273514702160,0,1,0,0,0,0,0,0
1563745327345609,0,0,0,0,0,0,0,1
646643713330219,0,1,0,0,0,0,0,0
289072259852674,0,0,0,0,0,0,0,1
2604739449662793,0,0,0,0,0,0,0,1
237618368542290,0,0,1,0,0,0,0,0
945490839708052,1,0,0,0,0,0,0,1
864167177565301,0,0,0,0,0,0,0,1
293163585980745,1,0,0,0,0,0,0,0
639625213740356,0,0,0,0,0,0,0,1
300969311910214,1,0,0,0,0,0,0,1
231671319120276,0,1,0,0,0,0,0,1
338542777954883,0,0,1,0,0,0,0,0
341769574430708,0,0,1,0,0,0,0,0
624304575423379,0,0,0,0,0,0,0,1
193483609633621,0,1,0,0,0,0,0,0
510179277379970,0,0,0,0,0,0,0,1
259398652980075,0,1,1,0,0,0,0,0
1099597750882081,0,0,0,0,1,0,0,0
950945519191664,0,1,0,0,0,0,0,0
238883684963424,0,0,0,0,0,0,0,1
439365027971955,0,0,0,0,0,0,0,1
1077193739509258,0,0,0,0,0,1,0,1
1372710619811638,1,1,0,0,1,1,0,0
665516367805562,0,1,0,0,0,0,0,0
6729914970415949,0,1,0,0,0,0,0,0
591316068592618,0,0,0,0,0,0,0,1
359495642219176,1,0,0,0,0,0,0,0
398282238722446,0,0,0,0,0,0,0,1
1048221535741443,0,0,0,0,0,0,0,1
267551198821851,1,0,0,0,0,0,0,1
319956909907702,0,0,0,0,0,0,0,1
460868268879699,0,0,0,0,0,0,0,1
981854965872811,0,0,0,0,0,0,0,1
604428157319153,0,0,0,0,0,0,0,1
296318392416481,0,1,0,0,0,0,0,0
2273832462764865,0,1,0,0,0,0,0,1
1057912325064453,0,0,1,1,0,0,0,0
605587910514148,0,0,0,0,0,0,0,1
1756413627899232,0,1,1,0,0,0,0,0
1841273192928104,0,0,0,0,0,0,0,1
342917564508864,0,0,1,0,0,0,0,0
1939333789584889,1,1,0,0,0,0,0,1
5189610341050179,0,0,0,0,0,0,0,1
1783700795173192,1,1,0,0,0,0,0,1
1409160852832115,1,0,0,0,0,0,0,1
2138976336268202,0,0,0,0,1,0,0,1
1391234087945355,0,0,1,0,0,0,0,1
447983930307380,0,0,0,0,0,0,0,1
2402443603220891,0,0,0,0,0,0,0,1
202270795399114,0,1,0,0,0,0,0,1
5041794042539583,0,0,0,0,0,0,0,1
253405693605795,0,0,0,0,0,0,0,1
436077368176605,1,1,0,0,0,0,0,0
330143769038319,1,0,0,0,0,0,0,1
982646735796614,0,0,0,0,0,0,0,1
256989613223150,0,1,0,0,0,0,0,0
478346220299899,1,0,1,0,0,0,0,0
4869943659738275,0,0,0,0,0,0,0,1
3032338787006151,0,1,0,0,0,0,0,0
2677614559209706,0,0,0,0,0,0,1,0
4714251778673019,0,0,0,0,0,0,0,1
279762984051024,0,0,1,0,0,0,0,0
276852744540135,0,0,0,0,0,0,0,1
485818199543390,0,0,0,0,0,0,0,1
3137037139911576,0,0,0,0,0,0,0,1
1296463104095884,0,0,0,0,0,0,0,1
1673344666185113,0,0,0,0,0,0,0,1
379487373940504,0,0,0,0,0,0,0,1
382606606972146,1,0,0,0,0,0,0,1
356293405928964,0,0,0,0,0,0,0,1
441267574076438,0,0,0,0,0,0,0,1
685916115724949,0,0,0,0,0,0,0,1
238608911770636,0,0,0,0,0,1,0,1
739013633722343,0,0,0,0,0,0,0,1
2894894917487606,1,0,0,0,0,0,0,1
606515267079977,0,0,0,0,0,0,0,1
265717128982241,0,0,0,0,0,0,0,1
467732554772372,0,1,1,0,0,0,0,0
356107235902148,0,0,0,0,0,0,0,1
1869231646601485,0,0,0,0,1,0,0,1
909276489786948,0,0,0,0,0,0,0,1
973574786901472,0,0,0,0,0,0,0,1
329269038760235,0,0,0,0,0,0,0,1
4593794264070713,0,1,0,0,0,1,0,1
3046904472219554,0,1,1,0,0,0,0,0
433895984793486,0,1,0,0,0,0,1,1
926077098049072,0,0,0,0,0,0,0,1
356694873129617,0,0,0,0,0,0,0,1
4647864778637089,0,0,0,0,0,0,0,1
623040768774852,0,0,0,0,0,0,0,1
332423715559300,1,0,0,0,0,0,0,0
893328761349204,0,1,0,0,0,0,0,1
312073930817536,0,0,0,0,0,0,0,1
455045176106260,1,1,0,0,0,0,0,0
713227169645415,0,0,0,0,0,1,0,0
476967204038442,0,0,0,0,0,0,0,1
1097480357756312,0,1,0,0,0,0,0,0
3026292674308108,0,0,0,0,0,0,0,1
198619972396142,0,0,0,0,0,0,0,1
322692653014411,0,0,0,0,0,0,0,1
413292203920160,0,0,0,0,0,0,0,1
3008270502820173,0,1,0,0,0,0,0,1
426177349288932,1,0,0,0,0,0,0,1
310200611052737,0,0,0,0,0,0,0,1
3069234846661115,0,1,0,0,0,0,0,0
1076146309872296,1,1,0,0,0,0,0,0
306171904875401,0,1,0,0,0,1,0,1
4605174552923682,0,0,0,0,1,0,0,1
251286337144029,0,0,0,0,0,0,0,1
615472536179132,1,1,0,0,0,0,0,0
469173574567807,0,0,0,0,0,0,0,1
1794046590788329,0,0,0,0,0,0,0,1
924951595056982,0,1,0,0,0,0,0,1
910026363038486,1,0,0,0,0,0,0,0
937652733787287,1,1,1,0,0,0,0,0
252679906829844,0,0,0,0,0,0,0,1
450500819884787,0,0,0,0,0,0,0,1
287342116822260,0,0,0,0,0,0,0,1
208505731495968,0,0,0,0,0,0,0,1
671358040911847,0,1,1,0,0,0,0,1
417217093185807,0,0,0,0,0,0,0,1
1011415656384373,0,1,1,0,0,0,0,1
1865107303681693,0,0,0,0,0,0,0,1
5301852416511125,0,0,0,0,0,0,0,1
4281170711992865,0,0,0,0,0,0,0,1
470109841499211,0,1,0,0,0,0,0,0
647788496563609,0,0,0,0,0,0,0,1
1119807568856793,0,1,1,0,0,0,0,0
2.30389E+15,0,0,0,0,0,0,0,1
643129700373999,0,0,0,0,1,0,0,1
1296346350844702,0,0,0,0,1,0,0,0
449515486706961,0,1,0,0,1,0,0,0
425653619062264,0,0,0,0,0,0,0,1
617979076081297,0,0,0,0,0,0,0,1
599137111203237,0,0,0,0,0,0,0,1
700417664457604,0,1,0,0,0,0,0,0
639823890805935,0,0,0,0,0,0,0,1
469227611411477,0,1,0,0,0,0,0,0
671319970700678,0,0,0,0,1,0,0,1
194042386275601,0,0,0,0,0,0,0,1
1049130438966809,1,1,0,1,0,0,0,0
401338018460047,1,0,0,0,0,0,0,1
607463540522633,0,1,0,0,0,1,0,1
423371982863315,0,0,0,0,0,0,0,1
320197036438442,0,0,0,0,0,0,1,1
683912509433447,0,0,0,0,0,0,0,1
1305062733291267,0,0,0,0,0,0,0,1
4542940865759353,0,1,0,0,0,0,0,1
981290485839075,0,0,0,0,0,0,0,1
2005016153009995,0,0,0,0,0,0,0,1
3016024455315798,1,0,0,0,0,0,0,0
2020271908155871,0,0,0,0,0,0,0,1
1.3464E+15,0,0,0,0,0,0,0,1
469908954727521,1,0,1,0,0,0,0,1
1.02774E+15,1,1,0,0,0,0,0,0
1604482929932903,1,0,0,0,0,0,0,0
985924638676255,0,0,0,0,0,0,0,1
360634188732971,0,0,0,0,0,0,0,1
594684715116210,0,0,0,0,0,0,0,1
345872473799079,0,1,1,0,0,0,0,1
2018738264962697,0,1,0,1,0,0,0,0
933312777552395,0,0,0,0,0,0,0,1
666591501355888,0,0,1,0,0,0,0,0
3049617781929802,0,1,0,0,0,0,0,0
582276222844274,0,1,0,0,0,0,0,0
1006300419950182,0,0,0,0,0,0,0,1
485611636423196,0,0,0,0,0,0,0,1
249260753906748,1,1,0,0,0,0,0,1
401778671748842,0,0,1,0,0,0,0,1
462885255247190,0,0,0,0,0,0,0,1
248182114059456,0,0,0,0,1,0,0,0
3.10433E+15,0,1,0,0,0,0,0,1
3902597776632821,0,0,0,0,0,0,0,1
917314415585238,0,1,0,0,0,0,0,0
451562993156361,0,0,0,0,0,0,0,1
771741707117531,0,0,0,0,0,0,0,1
1140878803330341,0,0,0,0,0,0,0,1
967180747546940,0,0,0,0,0,0,0,1
470455484487617,0,1,1,0,0,0,0,0
1098432254062046,0,0,0,0,0,0,0,1
521691969046612,0,0,0,0,0,0,0,1
1146515606179142,1,0,0,0,0,0,0,1
895142607793099,0,0,0,0,0,0,0,1
636230167620462,0,0,0,0,0,0,0,1
311615260881930,0,0,0,0,0,0,0,1
629500754982337,0,1,0,0,0,0,0,0
482257259727085,0,0,0,0,0,0,0,1
671502243876186,0,0,1,0,0,0,0,0
375626521037033,1,0,0,0,0,0,0,0
3042624489309836,1,1,0,0,0,0,0,0
729894705081449,0,0,0,0,0,0,0,1
201919228817054,1,0,1,0,0,0,0,1
359839715526587,0,0,0,0,0,0,0,1
4574046059359758,1,0,0,0,0,0,0,1
511168933649310,1,0,0,0,0,0,0,1
324443539584638,0,1,0,0,0,0,0,0
607353903885321,0,0,0,0,0,0,0,1
256519439897801,0,0,0,0,0,0,0,1
363391555125720,1,0,0,0,0,0,0,0
1625786504463553,0,0,0,0,0,0,0,1
449345509898799,0,1,0,0,0,0,0,0
234481492182786,0,0,1,0,0,0,0,0
247444557462129,0,0,0,0,0,0,0,1
1859342007592581,0,0,1,0,0,0,0,0
1132452320842683,1,1,0,0,0,0,0,0
300797028536476,0,1,1,0,0,0,0,1
220541700272469,0,0,0,0,1,0,0,1
655625842262350,0,0,0,0,0,0,0,1
3.25029E+15,0,0,0,0,0,0,0,1
4871971419492585,0,1,0,0,0,0,0,0
264912755746671,0,1,0,0,0,0,0,1
526201511983297,0,0,0,0,0,0,0,1
3111381319102563,0,1,0,0,0,0,0,0
357872139058222,1,0,0,0,0,0,0,1
4836013643088561,0,1,1,0,0,0,0,0
5498292286864017,1,0,1,0,0,0,0,1
3267546120140289,0,1,0,0,0,0,0,0
925430684809003,0,1,0,0,0,0,0,0
678602939770468,0,0,0,0,0,0,0,1
451832686638222,1,0,1,0,0,0,0,1
629376231437141,0,0,0,0,0,0,0,1
455529859392763,1,0,0,0,0,0,0,0
570998400641373,0,0,0,0,0,0,0,1
2083031918515274,1,1,0,0,0,0,0,0
347325463902588,0,0,0,0,0,0,0,1
336055334844760,0,1,0,0,0,0,0,0
1103514680451999,1,1,1,0,0,0,0,0
285038493630626,0,1,0,0,0,0,0,0
476211574217727,0,1,0,0,0,0,0,0
351180719884559,0,1,1,0,0,0,0,1
3000382770277487,0,1,0,0,0,0,0,0
970342487235316,0,0,0,0,0,0,0,1
390210152863235,1,0,0,0,0,0,0,0
637248977411115,1,0,0,0,0,0,0,0
445116043759216,0,0,0,0,0,0,0,1
4731421823615025,0,1,1,0,0,0,0,0
6917318615008053,0,0,0,0,0,0,1,0
263124622570498,0,1,0,0,0,0,0,0
1291773541306429,0,1,0,0,0,0,0,0
1118846175322105,0,0,1,0,0,0,0,0
611411466599867,0,0,0,0,0,0,0,1
611938250035391,1,1,0,0,0,0,0,0
259777182955622,1,0,0,0,0,0,0,1
1279785112528674,0,0,0,0,0,0,0,1
672675203865120,0,0,0,0,0,0,0,1
315718013666285,0,1,1,1,0,0,0,1
393385605900210,0,0,0,0,0,0,0,1
321505839825389,0,1,0,0,0,0,0,0
302222718624284,1,1,0,0,0,0,0,0
1154869705047001,0,0,0,0,0,0,0,1
669471867380037,0,1,0,0,1,0,0,0
507927193970571,1,1,1,0,0,0,0,0
1268223236994463,0,1,0,0,0,0,0,0
995888981284676,0,1,0,0,0,0,0,0
474380297417346,0,1,0,0,0,0,0,0
636197124292862,0,0,1,0,0,0,0,0
331453348795299,0,0,0,0,0,0,0,1
3025382591123861,0,0,0,0,0,0,0,1
626583121790127,0,0,0,0,0,0,0,1
305429734876155,0,1,0,1,0,0,0,0
1988844704618748,0,0,0,0,0,0,0,1
591805238754679,0,1,0,0,0,0,0,0
913812112630527,0,1,0,0,0,1,0,0
352809586269495,0,1,0,0,0,0,0,0
1235182653681247,0,0,0,0,0,0,0,1
1.04451E+15,0,1,0,1,0,0,0,0
648556519614104,0,0,0,0,0,0,0,1
634877297937350,0,0,0,0,0,0,0,1
885110978826545,0,0,0,0,1,0,0,1
3247205358841056,1,0,0,0,0,0,0,1
944165889544263,1,1,1,0,1,0,0,0
787540915535688,0,0,0,0,0,0,0,1
1538298839871477,0,0,0,0,0,0,0,1
474945274291220,0,0,0,0,0,0,0,1
3058667584407186,0,1,0,0,0,0,0,0
242893188019431,1,0,0,0,0,0,0,1
1206204139783147,0,0,0,0,1,0,0,0
2618701838275414,0,0,0,0,0,0,0,1
704006167641622,1,0,0,0,0,0,0,1
342011237562578,0,1,0,0,0,0,0,0
258277016431514,0,1,0,0,0,0,0,0
1517032372023701,0,0,1,0,0,0,0,0
477312447139704,0,0,0,0,1,0,0,0
666503604372559,0,0,0,0,0,0,0,1
275913447863587,0,0,0,0,1,0,0,0
415656530249296,0,1,0,0,0,0,0,0
321102963238368,1,0,0,0,0,0,0,0
432993425176466,0,1,0,0,0,0,0,0
976091109664324,0,0,1,0,0,0,0,0
347474293580123,0,0,0,0,0,0,0,1
2952829821634151,0,0,0,0,0,0,0,1
926482638001118,1,0,0,0,0,0,0,0
308356028010526,0,0,0,0,0,0,0,1
510876750264781,0,1,0,0,0,0,0,0
315867430472294,0,0,0,0,0,0,0,1
529438111565933,0,1,0,0,0,0,0,0
489243656039784,1,0,0,0,0,1,0,0
229657746030172,0,1,0,0,0,0,0,0
954676248790363,0,0,0,0,0,0,0,1
2985698821691702,0,0,0,0,0,0,0,1
458518325783922,0,0,0,0,0,0,1,0
346568280567688,0,1,1,0,0,0,0,0
1.30411E+15,0,0,1,0,0,0,0,0
998581137714305,0,0,0,0,1,0,0,0
283948290348635,0,0,1,0,0,0,0,1
889876528429448,0,0,0,0,0,0,0,1
3121421744800925,0,1,0,0,0,0,0,1
892268181451831,0,0,0,0,0,0,0,1
656235958846163,0,0,0,0,0,0,0,1
485140456341278,0,0,1,0,0,0,0,1
517021359559548,1,1,0,0,0,0,0,1
932663797648146,0,0,0,0,0,0,0,1
353462639628391,0,0,0,0,0,0,0,1
623898692235846,0,1,0,0,0,0,0,0
483117306781419,1,0,0,0,0,0,0,1
1610003822698883,0,1,0,0,0,0,0,0
1180926692433581,0,1,0,0,0,0,0,0
634535474551452,0,0,0,0,0,0,0,1
1283503778829344,0,1,0,0,0,0,0,0
451457506363367,0,1,0,0,1,0,0,0
777788489846995,0,1,0,1,0,0,0,0
926208308303624,0,0,0,0,0,0,0,1
1071759516948119,0,1,0,0,0,0,0,0
3223216317963187,0,1,0,0,0,0,0,1
1124369511637538,0,1,0,0,0,0,0,1
694347288215797,0,0,0,0,0,1,0,0
236151665361052,0,0,0,0,0,0,0,1
276513751253539,1,0,0,0,0,0,0,1
586003076022777,0,0,0,0,0,0,0,1
441556604001309,0,0,0,0,0,0,0,1
671189754085143,1,0,0,0,1,0,0,0
4745514792232195,0,0,1,0,0,0,0,0
5167386569938757,1,0,0,0,0,0,0,0
500028404446528,0,0,0,0,0,0,0,1
659632385058284,1,1,0,0,0,0,0,1
4915265055200919,0,0,0,0,0,0,0,1
1060820458035515,0,0,0,0,0,0,0,1
372069764683313,0,0,0,0,0,0,0,1
326014296242126,0,0,0,0,0,0,0,1
631407237977124,0,0,0,0,0,0,0,1
4659794824119596,0,1,0,0,0,0,0,0
603470524300658,0,0,0,0,0,0,0,1
992373698355130,0,1,0,0,0,0,0,0
351511796790979,0,1,0,0,0,0,0,0
2743975695897829,0,1,0,0,0,0,0,0
607355483874070,0,0,0,0,0,0,0,1
347002303930863,0,0,0,0,0,0,0,1
464423991727779,0,0,0,0,0,0,0,1
485392336547242,0,0,1,0,0,0,0,0
4490791810957642,0,1,0,0,0,0,0,0
1214003812459645,1,0,0,0,0,0,0,1
628144631768703,0,1,0,0,0,0,0,1
258458076288207,0,1,0,0,0,0,0,1
5126531180699131,0,0,0,0,0,0,0,1
3118270941786248,0,0,0,0,0,0,0,1
957254285166211,0,1,0,1,0,0,0,0
670458957695266,0,0,1,0,0,0,0,0
1249109555577624,0,1,0,0,0,0,0,0
2675959442549261,0,0,0,0,0,0,0,1
198690559121715,0,0,0,0,0,0,0,1
335345275148460,0,1,0,0,0,0,0,0
680810026477855,0,0,0,0,0,0,0,1
590330902194882,0,0,0,0,1,0,0,0
1065733553971049,0,0,0,0,0,0,0,1
305672758177369,0,0,0,0,0,0,1,0
955833731804583,0,0,0,0,0,0,0,1
1.27777E+15,0,1,0,0,0,0,0,0
356773162584020,0,0,0,0,0,0,0,1
653866715774286,0,0,0,0,0,0,0,1
308395567766064,0,0,0,0,0,0,0,1
606460953748222,0,0,0,0,0,0,0,1
473425154417342,0,1,0,0,0,0,0,0
202380715424742,0,0,1,0,0,0,0,0
1339748836465323,0,1,0,0,0,0,0,0
1115997152487688,0,1,0,0,0,0,0,0
1266044443880664,0,0,1,0,0,0,0,0
527040351751550,1,0,0,0,0,0,0,0
699622748090834,0,0,0,0,0,0,0,1
310158557728407,0,1,1,0,0,0,0,0
622952645490715,0,1,0,0,0,0,0,0
1.05623E+15,0,0,0,0,0,0,1,1
431777858627194,0,0,0,0,0,0,1,1
1078226573020362,1,0,0,0,0,0,0,0
992879744970938,0,0,0,0,0,0,0,1
3110643645918902,0,0,0,0,0,0,0,1
919231662060400,0,1,0,0,0,0,0,0
999652893985821,0,0,1,0,0,0,0,0
505405597556661,0,0,0,0,0,0,0,1
314170453960848,1,1,0,0,0,0,0,0
2.71702E+15,1,1,0,0,0,0,0,0
1001911243697781,0,0,0,0,0,0,0,1
2031222340368158,0,0,0,0,1,0,0,1
341873697940049,0,0,0,0,0,0,0,1
3161978584034885,1,1,0,0,0,0,0,0
707964973923122,0,0,0,0,0,0,0,1
408389974323066,0,1,0,0,0,0,0,0
5455228731174239,0,0,0,0,0,0,0,1
233738688851363,0,0,0,0,0,0,0,1
454601262708680,0,0,0,0,1,0,0,1
1251288518728817,0,0,0,0,0,0,0,1
223969743160492,0,1,0,0,0,0,0,0
657317425632804,0,0,0,0,0,0,0,1
3067575796894749,0,0,0,0,0,0,0,1
609276186831456,0,0,0,0,0,0,0,1
514448839809748,0,1,0,0,0,0,0,0
327690075913745,0,0,1,0,0,0,0,0
909957436553990,1,0,0,0,0,0,0,0
1093910448029128,0,0,0,0,0,0,0,1
3177010572579303,0,0,0,0,0,0,0,1
3260969420893091,0,1,0,0,0,0,0,0
465753921886362,0,1,0,0,0,0,0,1
3009117239341642,0,1,1,0,0,0,0,0
884850748880513,0,0,0,0,0,0,1,0
186618460338785,0,0,0,0,0,0,0,1
620271422615578,0,0,0,0,0,0,0,1
468186678116364,0,0,0,0,0,0,0,1
7655606367798684,0,0,0,0,0,0,0,1
1005647536714127,0,0,0,0,0,0,0,1
272778924785506,0,0,0,0,0,0,0,1
1254206048423963,0,1,0,1,0,0,0,0
636199160927160,0,0,0,0,0,0,0,1
3206771036219976,0,0,0,0,0,0,0,1
615160229764857,0,1,0,1,0,0,0,0
495625651909830,0,1,0,0,0,1,0,0
1014914789237183,0,0,0,0,1,0,0,0
619828719275544,0,0,1,0,0,0,0,0
1001722237355603,0,1,0,0,0,0,0,0
453331066244771,1,0,0,0,0,1,0,0
339984744611532,0,1,0,0,0,0,0,0
986198685306181,0,1,1,0,0,0,0,0
337016487877606,0,0,0,0,0,0,0,1
530828391279486,0,0,0,0,0,1,0,1
622518502311591,0,1,0,0,0,0,0,0
662292268246715,1,1,0,0,0,0,0,1
308905491165686,1,1,0,0,0,0,0,0
492558512210084,0,1,1,0,0,0,0,0
4904049766353222,0,0,0,0,0,1,0,1
4666197930173027,0,1,0,1,0,0,0,0
424872722652830,0,0,0,0,0,0,0,1
1095708261190855,0,0,0,0,0,0,1,1
242110004771302,0,0,0,0,0,0,0,1
340821894552151,0,0,0,0,0,0,0,1
288005946712082,0,0,0,0,0,0,0,1
316140460062332,0,1,0,0,0,0,0,0
443584847495847,0,0,0,0,0,0,0,1
483945839734756,0,1,0,0,0,0,0,0
993710357898291,0,1,0,0,0,0,0,1
6803271409747102,1,0,0,0,0,0,0,1
861835401177405,0,0,0,0,0,0,0,1
875147916522598,0,0,0,0,0,0,0,1
323757612627688,1,0,0,0,0,1,0,0
330282722152447,0,0,0,0,0,0,0,1
670646710975462,0,1,0,0,0,0,0,0
403902598096351,1,0,0,0,0,0,0,0
1285673555269436,0,0,0,0,0,0,0,1
198286712484034,0,0,0,0,0,0,0,1
1338905759864925,0,0,1,0,0,0,0,1
277372531045170,0,1,0,0,0,0,0,0
472537411070961,0,0,0,0,0,0,0,1
658058912017503,0,0,0,0,1,0,0,0
262737732407011,1,1,0,0,0,0,0,0
608962193537032,0,1,0,0,0,0,0,0
1915661901939448,0,1,0,0,0,0,0,0
468436261540748,1,1,0,0,0,0,0,0
469471928183729,0,1,0,1,0,1,0,1
1341406192973162,0,0,0,0,0,0,0,1
1076138036507389,0,0,0,0,0,0,0,1
670821547261982,0,0,0,0,0,0,0,1
723266059077867,0,0,0,0,0,0,0,1
652715322533574,1,0,0,0,0,0,0,0
908891243155454,1,1,0,0,0,0,0,0
336081804733694,0,1,0,0,0,0,0,1
409581550942408,1,0,0,0,0,0,0,0
3035100850044875,0,1,0,0,0,0,0,0
330598375625039,1,0,0,0,0,0,0,0
2.86857E+15,0,0,0,0,0,0,0,1
890741201589327,0,1,0,0,0,0,0,0
356838285814629,0,0,0,0,0,0,0,1
279849230729923,0,1,0,0,0,0,0,1
299317512258271,0,0,0,0,0,0,0,1
699984518117430,1,0,1,0,1,0,0,0
616747889631026,0,0,1,0,0,0,0,0
258484193027477,0,0,0,0,0,0,0,1
290105163000532,1,1,1,0,0,0,0,1
300427965188991,0,0,0,0,0,0,0,1
650192613084069,0,1,0,0,0,0,0,0
327610519260357,0,0,0,0,0,0,0,1
305163581664516,0,0,0,0,0,0,0,1
1041999743038211,0,0,0,0,0,0,0,1
623186232429491,0,0,0,0,0,0,0,1
656509972201910,1,0,0,0,0,0,0,1
4597259777024513,0,0,0,0,0,0,0,1
232579698979093,0,0,0,0,0,0,1,1
1.03834E+15,0,0,1,0,0,0,0,0
230725232474525,0,1,0,0,0,0,0,1
649292052982296,0,0,0,0,0,0,0,1
1064654307687145,0,1,0,0,0,0,0,1
413335310474109,0,1,1,0,0,0,0,0
1071680670315614,0,1,0,0,0,0,0,0
1570747923281759,0,0,1,0,0,0,0,0
661476994996784,0,0,1,0,0,0,0,0
338499851456561,1,0,0,0,1,0,0,0
1027149294535016,0,1,0,0,0,0,0,1
980438382604150,0,0,0,0,0,0,0,1
1.39583E+15,1,0,0,0,0,0,0,1
728163331484819,0,1,0,0,0,0,0,0
261624699230936,1,1,0,0,0,0,0,0
608550267109253,0,1,1,0,0,0,0,0
1009320323274348,0,0,0,0,0,0,0,1
472795837571262,0,1,0,0,0,0,0,0
5.0901E+15,0,0,1,0,0,0,0,1
991464511722261,0,0,0,0,0,0,0,1
453012839811113,1,1,0,0,0,0,0,1
673398037019144,1,0,1,0,0,0,0,0
2204493459699243,0,0,1,0,0,0,0,0
450394193264628,1,1,1,0,0,0,0,1
1096790627742762,0,0,0,0,0,0,0,1
606397030620413,1,1,1,0,0,0,0,0
3029212797344165,1,1,1,0,0,0,0,0
609001006844678,0,0,0,1,0,0,0,1
1.12088E+15,0,0,0,0,0,0,0,1
970907920469371,0,0,1,0,1,1,0,0
278897140824499,0,0,1,0,0,0,0,0
352979363000928,1,0,0,0,0,1,0,0
274485618112356,0,0,1,0,0,0,0,0
280095840778643,0,0,0,0,0,0,0,1
1079303289512175,0,0,1,0,0,0,0,0
339270891253755,0,0,0,0,0,0,0,1
435846748183654,0,0,0,0,0,0,1,1
469492571209271,0,0,0,0,0,0,0,1
258789466371494,0,0,0,0,0,0,0,1
940696229895139,0,0,0,0,0,0,0,1
4100347250067646,0,0,0,0,0,0,0,1
340483971080096,0,1,0,0,0,0,0,1
343808404267960,0,0,0,0,0,0,0,1
1.30485E+15,0,0,0,0,0,0,0,1
519052292796017,0,0,0,0,1,0,0,1
354935249799595,0,1,0,0,0,0,0,0
1279802622446254,0,0,0,0,0,0,0,1
700864180893580,1,1,0,0,0,1,0,0
1082069322603638,1,0,0,0,0,0,0,0
378456364020802,0,1,0,0,0,0,0,0
1757292674470412,0,0,0,0,0,0,0,1
437934667841565,0,0,0,0,0,0,0,1
767894600834246,0,0,0,0,0,0,0,1
900426457321897,0,0,0,0,1,0,0,0